Local time,Open,High,Low,Close
11.08.2003 16:00:00.000 GMT-0500,0.65795,0.66120,0.65551,0.65593
