Local time,Open,High,Low,Close
2003-08-11 16:00:00,0.65795,0.6612,0.65551,0.65593
